PackMLExecuteStateMachineType,1,ObjectType
PackMLMachineStateMachineType,2,ObjectType
PackMLBaseStateMachineType,3,ObjectType
PackMLStatusObjectType,4,ObjectType
PackMLAdminObjectType,5,ObjectType
PackMLBaseObjectType,6,ObjectType
PackMLBaseObjectType_Admin_AccTimeSinceReset,7,Variable
PackMLBaseObjectType_Admin_Alarm,8,Variable
PackMLBaseObjectType_Admin_AlarmExtent,9,Variable
PackMLBaseObjectType_Admin_AlarmHistory,10,Variable
ProductionMaintenanceModeEnum,11,DataType
PackMLBaseObjectType_Admin_AlarmHistoryExtent,12,Variable
PackMLBaseObjectType_Admin_MachDesignSpeed,13,Variable
PackMLCountDataType,14,DataType
PackMLAlarmDataType,15,DataType
PackMLDescriptorDataType,16,DataType
PackMLIngredientsDataType,17,DataType
PackMLProductDataType,18,DataType
PackMLRemoteInterfaceDataType,19,DataType
PackMLBaseObjectType_Admin_ModeCumulativeTime,20,Variable
HasInterlock,21,ReferenceType
HasAlarm,22,ReferenceType
HasAlarmHistory,23,ReferenceType
HasWarning,24,ReferenceType
HasStopReason,25,ReferenceType
PackMLBaseObjectType_Admin_ModeCurrentTime,26,Variable
PackMLExecuteStateMachineType_Resetting,27,Object
PackMLExecuteStateMachineType_Idle,28,Object
PackMLExecuteStateMachineType_Starting,29,Object
PackMLExecuteStateMachineType_Suspending,30,Object
PackMLExecuteStateMachineType_Suspended,31,Object
PackMLExecuteStateMachineType_Unsuspending,32,Object
PackMLExecuteStateMachineType_Holding,33,Object
PackMLExecuteStateMachineType_Held,34,Object
PackMLExecuteStateMachineType_Unholding,35,Object
PackMLExecuteStateMachineType_Execute,36,Object
PackMLExecuteStateMachineType_Completing,37,Object
PackMLExecuteStateMachineType_Complete,38,Object
PackMLExecuteStateMachineType_ResettingToIdle,39,Object
PackMLExecuteStateMachineType_IdleToStarting,40,Object
PackMLExecuteStateMachineType_StartingToExecute,41,Object
PackMLExecuteStateMachineType_ExecuteToSuspending,42,Object
PackMLExecuteStateMachineType_SuspendingToSuspended,43,Object
PackMLExecuteStateMachineType_UnsuspendingToExecute,44,Object
PackMLExecuteStateMachineType_ExecuteToHolding,45,Object
PackMLExecuteStateMachineType_HoldingToHeld,46,Object
PackMLExecuteStateMachineType_HeldToUnholding,47,Object
PackMLExecuteStateMachineType_UnholdingToExecute,48,Object
PackMLExecuteStateMachineType_ExecuteToCompleting,49,Object
PackMLExecuteStateMachineType_CompletingToComplete,50,Object
PackMLExecuteStateMachineType_CompleteToResetting,51,Object
PackMLExecuteStateMachineType_SuspendedToUnsuspending,52,Object
PackMLMachineStateMachineType_Stopped,53,Object
PackMLMachineStateMachineType_Stopping,54,Object
PackMLMachineStateMachineType_Clearing,55,Object
PackMLMachineStateMachineType_ExecuteState,56,Object
PackMLMachineStateMachineType_StoppingToStopped,57,Object
PackMLMachineStateMachineType_ClearingToStopped,58,Object
PackMLMachineStateMachineType_StoppedToRunning,59,Object
PackMLMachineStateMachineType_RunningToStopping,60,Object
PackMLBaseStateMachineType_Aborting,61,Object
PackMLBaseStateMachineType_Aborted,62,Object
PackMLBaseObjectType_Admin_Parameter,63,Variable
PackMLBaseStateMachineType_MachineState,64,Object
PackMLBaseStateMachineType_AbortedToCleared,65,Object
PackMLBaseStateMachineType_AbortingToAborted,66,Object
PackMLBaseStateMachineType_ClearedToAborting,67,Object
PackMLBaseObjectType_Admin_ProdConsumedCount,68,Variable
PackMLBaseObjectType_Admin_ProdDefectiveCount,69,Variable
PackMLBaseObjectType_Admin_ProdProcessedCount,70,Variable
PackMLBaseStateMachineType_Cleared,71,Object
PackMLObjects,72,Unspecified
PackMLBaseObjectType_Admin,73,Object
PackMLBaseObjectType_Admin_StateCumulativeTime,74,Variable
PackMLMachineStateMachineType_Running,75,Object
PackMLBaseObjectType_Admin_StateCurrentTime,76,Variable
PackMLBaseObjectType_Admin_StopReason,77,Variable
PackMLBaseObjectType_Admin_StopReasonExtent,78,Variable
PackMLBaseObjectType_Admin_Warning,79,Variable
PackMLBaseObjectType_Admin_WarningExtent,80,Variable
PackMLBaseObjectType_BaseStateMachine_CurrentState_Name,81,Variable
PackMLBaseObjectType_BaseStateMachine_CurrentState_Number,82,Variable
Default Binary,83,Unspecified
Default XML,84,Unspecified
PackMLBaseObjectType_BaseStateMachine_CurrentState_EffectiveDisplayName,85,Variable
PackMLBaseObjectType_BaseStateMachine_LastTransition,86,Variable
PackMLBaseObjectType_Status,87,Object
PackMLBaseObjectType_BaseStateMachine,88,Object
PackMLBaseObjectType_BaseStateMachine_MachineState,89,Object
PackMLBaseObjectType_BaseStateMachine_MachineState_ExecuteState,90,Object
PackMLBaseObjectType_BaseStateMachine_LastTransition_Id,91,Variable
PackMLBaseObjectType_BaseStateMachine_LastTransition_Name,92,Variable
PackMLBaseObjectType_BaseStateMachine_LastTransition_Number,93,Variable
PackMLBaseObjectType_BaseStateMachine_LastTransition_TransitionTime,94,Variable
PackMLBaseObjectType_BaseStateMachine_LastTransition_EffectiveTransitionTime,95,Variable
PackMLBaseObjectType_BaseStateMachine_Abort,96,Method
PackMLBaseObjectType_BaseStateMachine_Aborted,97,Object
PackMLBaseObjectType_BaseStateMachine_Aborted_StateNumber,98,Variable
PackMLExecuteStateMachineType_StartingToHolding,99,Object
PackMLExecuteStateMachineType_UnsuspendingToHolding,100,Object
PackMLExecuteStateMachineType_SuspendedToHolding,101,Object
PackMLExecuteStateMachineType_SuspendingToHolding,102,Object
PackMLExecuteStateMachineType_UnholdingToHolding,103,Object
PackMLBaseObjectType_BaseStateMachine_AbortedToCleared,104,Object
PackMLBaseObjectType_BaseStateMachine_AbortedToCleared_TransitionNumber,105,Variable
PackMLBaseObjectType_BaseStateMachine_Aborting,106,Object
PackMLBaseObjectType_BaseStateMachine_Aborting_StateNumber,107,Variable
PackMLBaseObjectType_BaseStateMachine_AbortingToAborted,108,Object
PackMLBaseObjectType_BaseStateMachine_AbortingToAborted_TransitionNumber,109,Variable
PackMLBaseObjectType_BaseStateMachine_Clear,110,Method
PackMLBaseObjectType_BaseStateMachine_Cleared,111,Object
PackMLBaseObjectType_BaseStateMachine_Cleared_StateNumber,112,Variable
PackMLBaseObjectType_BaseStateMachine_ClearedToAborting,113,Object
PackMLBaseObjectType_BaseStateMachine_ClearedToAborting_TransitionNumber,114,Variable
PackMLBaseObjectType_BaseStateMachine_MachineState_CurrentState_Name,115,Variable
PackMLBaseObjectType_BaseStateMachine_MachineState_CurrentState_Number,116,Variable
http://opcfoundation.org/UA/PackML/,117,Unspecified
PackMLBaseObjectType_SetUnitMode_InputArguments,118,Unspecified
PackMLAdminObjectType_ProdDefectiveCount,119,Variable
PackMLAdminObjectType_ProdProcessedCount,120,Variable
PackMLStatusObjectType_Parameter,121,Variable
PackMLStatusObjectType_Product,122,Variable
PackMLStatusObjectType_RemoteParameter,123,Variable
PackMLAdminObjectType_ProdConsumedCount,124,Variable
PackMLExecuteStateMachineType_AvailableStates,125,Variable
PackMLExecuteStateMachineType_AvailableTransitions,126,Variable
PackMLExecuteStateMachineType_Resetting_StateNumber,127,Variable
PackMLExecuteStateMachineType_Idle_StateNumber,128,Variable
PackMLExecuteStateMachineType_Starting_StateNumber,129,Variable
PackMLExecuteStateMachineType_Suspending_StateNumber,130,Variable
PackMLExecuteStateMachineType_Suspended_StateNumber,131,Variable
PackMLExecuteStateMachineType_Unsuspending_StateNumber,132,Variable
PackMLExecuteStateMachineType_Holding_StateNumber,133,Variable
PackMLExecuteStateMachineType_Held_StateNumber,134,Variable
PackMLExecuteStateMachineType_Unholding_StateNumber,135,Variable
PackMLExecuteStateMachineType_Execute_StateNumber,136,Variable
PackMLExecuteStateMachineType_Completing_StateNumber,137,Variable
PackMLExecuteStateMachineType_Complete_StateNumber,138,Variable
PackMLExecuteStateMachineType_ResettingToIdle_TransitionNumber,139,Variable
PackMLExecuteStateMachineType_IdleToStarting_TransitionNumber,140,Variable
PackMLExecuteStateMachineType_StartingToExecute_TransitionNumber,141,Variable
PackMLExecuteStateMachineType_ExecuteToSuspending_TransitionNumber,142,Variable
PackMLExecuteStateMachineType_SuspendingToSuspended_TransitionNumber,143,Variable
PackMLExecuteStateMachineType_UnsuspendingToExecute_TransitionNumber,144,Variable
PackMLExecuteStateMachineType_ExecuteToHolding_TransitionNumber,145,Variable
PackMLExecuteStateMachineType_HoldingToHeld_TransitionNumber,146,Variable
PackMLExecuteStateMachineType_HeldToUnholding_TransitionNumber,147,Variable
PackMLExecuteStateMachineType_UnholdingToExecute_TransitionNumber,148,Variable
PackMLExecuteStateMachineType_ExecuteToCompleting_TransitionNumber,149,Variable
PackMLExecuteStateMachineType_CompletingToComplete_TransitionNumber,150,Variable
PackMLExecuteStateMachineType_CompleteToResetting_TransitionNumber,151,Variable
PackMLExecuteStateMachineType_SuspendedToUnsuspending_TransitionNumber,152,Variable
PackMLMachineStateMachineType_AvailableStates,153,Variable
PackMLMachineStateMachineType_AvailableTransitions,154,Variable
PackMLMachineStateMachineType_Stopped_StateNumber,155,Variable
PackMLMachineStateMachineType_Stopping_StateNumber,156,Variable
PackMLMachineStateMachineType_Clearing_StateNumber,157,Variable
PackMLBaseStateMachineType_AvailableTransitions,158,Variable
PackMLBaseObjectType_BaseStateMachine_MachineState_CurrentState_EffectiveDisplayName,159,Variable
PackMLMachineStateMachineType_ExecuteState_AvailableTransitions,160,Variable
PackMLMachineStateMachineType_ExecuteState_CurrentState,161,Variable
PackMLMachineStateMachineType_ExecuteState_CurrentState_Id,162,Variable
PackMLMachineStateMachineType_StoppingToStopped_TransitionNumber,163,Variable
PackMLMachineStateMachineType_ClearingToStopped_TransitionNumber,164,Variable
PackMLMachineStateMachineType_StoppedToRunning_TransitionNumber,165,Variable
PackMLMachineStateMachineType_RunningToStopping_TransitionNumber,166,Variable
PackMLBaseStateMachineType_AvailableStates,167,Variable
PackMLBaseStateMachineType_Aborting_StateNumber,168,Variable
PackMLBaseStateMachineType_Aborted_StateNumber,169,Variable
PackMLBaseObjectType_BaseStateMachine_MachineState_LastTransition,170,Variable
PackMLMachineStateMachineType_Running_StateNumber,171,Variable
PackMLBaseStateMachineType_MachineState_CurrentState,172,Variable
PackMLBaseStateMachineType_MachineState_CurrentState_Id,173,Variable
PackMLBaseStateMachineType_AbortedToCleared_TransitionNumber,174,Variable
PackMLBaseStateMachineType_AbortingToAborted_TransitionNumber,175,Variable
PackMLBaseStateMachineType_ClearedToAborting_TransitionNumber,176,Variable
PackMLMachineStateMachineType_ExecuteState_AvailableStates,177,Variable
PackMLBaseStateMachineType_Cleared_StateNumber,178,Variable
PackMLExecuteStateMachineType_StartingToHolding_TransitionNumber,179,Variable
PackMLBaseObjectType_BaseStateMachine_MachineState_LastTransition_Id,180,Variable
TypeDictionary_PackMLCountDataType,181,Unspecified
PackMLBaseObjectType_BaseStateMachine_MachineState_LastTransition_Name,182,Variable
TypeDictionary_PackMLAlarmDataType,183,Unspecified
PackMLBaseObjectType_BaseStateMachine_MachineState_LastTransition_Number,184,Variable
TypeDictionary_PackMLDescriptorDataType,185,Unspecified
PackMLBaseObjectType_BaseStateMachine_MachineState_LastTransition_TransitionTime,186,Variable
PackMLBaseObjectType_BaseStateMachine_MachineState_LastTransition_EffectiveTransitionTime,187,Variable
TypeDictionary_PackMLRemoteInterfaceDataType,188,Unspecified
TypeDictionary_PackMLIngredientsDataType,189,Unspecified
PackMLBaseObjectType_BaseStateMachine_MachineState_Clearing,190,Object
TypeDictionary_PackMLProductDataType,191,Unspecified
PackMLStatusObjectType_UnitModeRequested,192,Variable
PackMLStatusObjectType_UnitSupportedModes,193,Variable
ProductionMaintenanceModeEnum_EnumValues,194,Variable
PackMLBaseObjectType_BaseStateMachine_MachineState_Clearing_StateNumber,195,Variable
PackMLBaseObjectType_BaseStateMachine_MachineState_ClearingToStopped,196,Object
TypeDictionary,197,Unspecified
TypeDictionary_NamespaceUri,198,Unspecified
PackMLBaseObjectType_BaseStateMachine_MachineState_ClearingToStopped_TransitionNumber,199,Variable
PackMLStatusObjectType_UnitModeCurrent,200,Variable
PackMLStatusObjectType_UnitModeChangeInProcess,201,Variable
PackMLBaseObjectType_BaseStateMachine_AvailableTransitions,202,Variable
PackMLBaseObjectType_BaseStateMachine_MachineState_ExecuteState_CurrentState_Name,203,Variable
PackMLBaseStateMachineType_MachineState_AvailableTransitions,204,Variable
PackMLBaseObjectType_BaseStateMachine_MachineState_ExecuteState_CurrentState_Number,205,Variable
PackMLBaseObjectType_BaseStateMachine_MachineState_ExecuteState_CurrentState_EffectiveDisplayName,206,Variable
PackMLBaseObjectType_BaseStateMachine_MachineState_ExecuteState_LastTransition,207,Variable
PackMLExecuteStateMachineType_UnsuspendingToHolding_TransitionNumber,208,Variable
PackMLStatusObjectType_StateRequested,209,Variable
PackMLStatusObjectType_StateChangeInProcess,210,Variable
PackMLStatusObjectType_EquipmentBlocked,211,Variable
PackMLBaseStateMachineType_MachineState_AvailableStates,212,Variable
PackMLBaseObjectType_BaseStateMachine_MachineState_AvailableTransitions,213,Variable
PackMLBaseObjectType_BaseStateMachine_MachineState_AvailableStates,214,Variable
PackMLExecuteStateMachineType_SuspendedToHolding_TransitionNumber,215,Variable
PackMLExecuteStateMachineType_SuspendingToHolding_TransitionNumber,216,Variable
PackMLExecuteStateMachineType_UnholdingToHolding_TransitionNumber,217,Variable
PackMLBaseObjectType_TagID,218,Variable
PackMLStatusObjectType_MachSpeed,219,Variable
PackMLStatusObjectType_MachSpeed_EURange,220,Variable
PackMLBaseObjectType_PackMLVersion,221,Variable
PackMLBaseObjectType_BaseStateMachine_MachineState_ExecuteState_AvailableTransitions,222,Variable
PackMLBaseObjectType_BaseStateMachine_MachineState_ExecuteState_AvailableStates,223,Variable
PackMLStatusObjectType_EquipmentStarved,224,Variable
PackMLBaseObjectType_Status_UnitModeCurrent,225,Variable
PackMLBaseObjectType_BaseStateMachine_MachineState_ExecuteState_LastTransition_Id,226,Variable
PackMLBaseObjectType_BaseStateMachine_MachineState_ExecuteState_CurrentState_Id,227,Variable
PackMLBaseObjectType_BaseStateMachine_MachineState_ExecuteState_LastTransition_Name,228,Variable
PackMLBaseObjectType_BaseStateMachine_MachineState_ExecuteState_LastTransition_Number,229,Variable
PackMLBaseObjectType_BaseStateMachine_MachineState_ExecuteState_LastTransition_TransitionTime,230,Variable
PackMLBaseObjectType_BaseStateMachine_MachineState_ExecuteState_LastTransition_EffectiveTransitionTime,231,Variable
PackMLStatusObjectType_CurMachSpeed,232,Variable
PackMLStatusObjectType_CurMachSpeed_EURange,233,Variable
PackMLBaseObjectType_BaseStateMachine_MachineState_ExecuteState_Complete,234,Object
PackMLBaseObjectType_BaseStateMachine_MachineState_ExecuteState_Complete_StateNumber,235,Variable
PackMLStatusObjectType_MaterialInterlocked,236,Variable
PackMLStatusObjectType_MaterialInterlock,237,Variable
PackMLAdminObjectType_Alarm,238,Variable
PackMLAdminObjectType_AlarmExtent,239,Variable
PackMLAdminObjectType_AlarmHistory,240,Variable
PackMLAdminObjectType_AlarmHistoryExtent,241,Variable
PackMLAdminObjectType_Warning,242,Variable
PackMLAdminObjectType_WarningExtent,243,Variable
PackMLAdminObjectType_StopReason,244,Variable
PackMLAdminObjectType_StopReasonExtent,245,Variable
PackMLAdminObjectType_ModeCurrentTime,246,Variable
PackMLAdminObjectType_ModeCumulativeTime,247,Variable
PackMLAdminObjectType_StateCurrentTime,248,Variable
PackMLAdminObjectType_StateCumulativeTime,249,Variable
PackMLBaseObjectType_BaseStateMachine_MachineState_ExecuteState_CompleteToResetting,250,Object
PackMLBaseObjectType_BaseStateMachine_MachineState_ExecuteState_CompleteToResetting_TransitionNumber,251,Variable
PackMLAdminObjectType_AccTimeSinceReset,252,Variable
PackMLAdminObjectType_MachDesignSpeed,253,Variable
PackMLBaseObjectType_BaseStateMachine_MachineState_ExecuteState_Completing,254,Object
PackMLBaseObjectType_Status_CurMachSpeed,255,Variable
PackMLBaseObjectType_Status_CurMachSpeed_EURange,256,Variable
PackMLBaseObjectType_Status_MachSpeed,257,Variable
PackMLBaseObjectType_Status_MachSpeed_EURange,258,Variable
PackMLBaseObjectType_BaseStateMachine_AvailableStates,259,Variable
PackMLBaseObjectType_BaseStateMachine_MachineState_ExecuteState_Completing_StateNumber,260,Variable
PackMLBaseObjectType_BaseStateMachine_MachineState_ExecuteState_CompletingToComplete,261,Object
PackMLBaseObjectType_BaseStateMachine_MachineState_CurrentState,262,Variable
PackMLBaseObjectType_BaseStateMachine_MachineState_CurrentState_Id,263,Variable
PackMLBaseObjectType_BaseStateMachine_MachineState_ExecuteState_CompletingToComplete_TransitionNumber,264,Variable
PackMLBaseObjectType_BaseStateMachine_MachineState_ExecuteState_Execute,265,Object
PackMLBaseObjectType_BaseStateMachine_MachineState_ExecuteState_CurrentState,266,Variable
PackMLBaseObjectType_BaseStateMachine_MachineState_ExecuteState_Execute_StateNumber,267,Variable
PackMLBaseObjectType_BaseStateMachine_MachineState_ExecuteState_ExecuteToCompleting,268,Object
PackMLBaseObjectType_BaseStateMachine_MachineState_ExecuteState_ExecuteToCompleting_TransitionNumber,269,Variable
PackMLBaseObjectType_BaseStateMachine_MachineState_ExecuteState_ExecuteToHolding,270,Object
PackMLBaseObjectType_BaseStateMachine_MachineState_ExecuteState_ExecuteToHolding_TransitionNumber,271,Variable
PackMLBaseObjectType_BaseStateMachine_CurrentState,272,Variable
PackMLBaseObjectType_BaseStateMachine_CurrentState_Id,273,Variable
PackMLBaseObjectType_Status_EquipmentBlocked,274,Variable
PackMLBaseObjectType_Status_EquipmentStarved,275,Variable
PackMLAdminObjectType_Parameter,276,Variable
PackMLBaseObjectType_BaseStateMachine_MachineState_ExecuteState_ExecuteToSuspending,277,Object
PackMLBaseObjectType_BaseStateMachine_MachineState_ExecuteState_ExecuteToSuspending_TransitionNumber,278,Variable
PackMLBaseObjectType_BaseStateMachine_MachineState_ExecuteState_Held,279,Object
PackMLBaseObjectType_BaseStateMachine_MachineState_ExecuteState_Held_StateNumber,280,Variable
PackMLBaseObjectType_BaseStateMachine_MachineState_ExecuteState_HeldToUnholding,281,Object
PackMLBaseObjectType_BaseStateMachine_MachineState_ExecuteState_HeldToUnholding_TransitionNumber,282,Variable
PackMLBaseObjectType_BaseStateMachine_MachineState_ExecuteState_Hold,283,Method
PackMLBaseObjectType_BaseStateMachine_MachineState_ExecuteState_Holding,284,Object
PackMLBaseObjectType_BaseStateMachine_MachineState_ExecuteState_Holding_StateNumber,285,Variable
PackMLBaseObjectType_BaseStateMachine_MachineState_ExecuteState_HoldingToHeld,286,Object
PackMLBaseObjectType_BaseStateMachine_MachineState_ExecuteState_HoldingToHeld_TransitionNumber,287,Variable
PackMLBaseObjectType_BaseStateMachine_MachineState_ExecuteState_Idle,288,Object
PackMLBaseObjectType_BaseStateMachine_MachineState_ExecuteState_Idle_StateNumber,289,Variable
PackMLBaseObjectType_Status_UnitSupportedModes,290,Variable
PackMLBaseObjectType_BaseStateMachine_MachineState_ExecuteState_IdleToStarting,291,Object
PackMLBaseObjectType_BaseStateMachine_MachineState_ExecuteState_IdleToStarting_TransitionNumber,292,Variable
PackMLBaseObjectType_BaseStateMachine_MachineState_ExecuteState_Reset,293,Method
PackMLBaseObjectType_BaseStateMachine_MachineState_ExecuteState_Resetting,294,Object
PackMLBaseObjectType_BaseStateMachine_MachineState_ExecuteState_Resetting_StateNumber,295,Variable
PackMLBaseObjectType_BaseStateMachine_MachineState_ExecuteState_ResettingToIdle,296,Object
PackMLBaseObjectType_BaseStateMachine_MachineState_ExecuteState_ResettingToIdle_TransitionNumber,297,Variable
PackMLBaseObjectType_BaseStateMachine_MachineState_ExecuteState_Start,298,Method
PackMLBaseObjectType_BaseStateMachine_MachineState_ExecuteState_Starting,299,Object
PackMLBaseObjectType_BaseStateMachine_MachineState_ExecuteState_Starting_StateNumber,300,Variable
PackMLBaseObjectType_BaseStateMachine_MachineState_ExecuteState_StartingToExecute,301,Object
PackMLBaseObjectType_BaseStateMachine_MachineState_ExecuteState_StartingToExecute_TransitionNumber,302,Variable
PackMLBaseObjectType_BaseStateMachine_MachineState_ExecuteState_StartingToHolding,303,Object
PackMLBaseObjectType_BaseStateMachine_MachineState_ExecuteState_StartingToHolding_TransitionNumber,304,Variable
PackMLBaseObjectType_BaseStateMachine_MachineState_ExecuteState_Suspend,305,Method
PackMLBaseObjectType_BaseStateMachine_MachineState_ExecuteState_Suspended,306,Object
PackMLBaseObjectType_BaseStateMachine_MachineState_ExecuteState_Suspended_StateNumber,307,Variable
PackMLBaseObjectType_BaseStateMachine_MachineState_ExecuteState_SuspendedToHolding,308,Object
PackMLBaseObjectType_BaseStateMachine_MachineState_ExecuteState_SuspendedToHolding_TransitionNumber,309,Variable
PackMLBaseObjectType_BaseStateMachine_MachineState_ExecuteState_SuspendedToUnsuspending,310,Object
PackMLBaseObjectType_BaseStateMachine_MachineState_ExecuteState_SuspendedToUnsuspending_TransitionNumber,311,Variable
PackMLBaseObjectType_BaseStateMachine_MachineState_ExecuteState_Suspending,312,Object
PackMLBaseObjectType_BaseStateMachine_MachineState_ExecuteState_Suspending_StateNumber,313,Variable
PackMLBaseObjectType_BaseStateMachine_MachineState_ExecuteState_SuspendingToHolding,314,Object
PackMLBaseObjectType_BaseStateMachine_MachineState_ExecuteState_SuspendingToHolding_TransitionNumber,315,Variable
PackMLBaseObjectType_BaseStateMachine_MachineState_ExecuteState_SuspendingToSuspended,316,Object
PackMLBaseObjectType_BaseStateMachine_MachineState_ExecuteState_SuspendingToSuspended_TransitionNumber,317,Variable
PackMLBaseObjectType_BaseStateMachine_MachineState_ExecuteState_ToComplete,318,Method
PackMLBaseObjectType_BaseStateMachine_MachineState_ExecuteState_Unhold,319,Method
PackMLBaseObjectType_BaseStateMachine_MachineState_ExecuteState_Unholding,320,Object
PackMLBaseObjectType_BaseStateMachine_MachineState_ExecuteState_Unholding_StateNumber,321,Variable
PackMLBaseObjectType_BaseStateMachine_MachineState_ExecuteState_UnholdingToExecute,322,Object
PackMLBaseObjectType_BaseStateMachine_MachineState_ExecuteState_UnholdingToExecute_TransitionNumber,323,Variable
PackMLBaseObjectType_BaseStateMachine_MachineState_ExecuteState_UnholdingToHolding,324,Object
PackMLBaseObjectType_BaseStateMachine_MachineState_ExecuteState_UnholdingToHolding_TransitionNumber,325,Variable
PackMLBaseObjectType_BaseStateMachine_MachineState_ExecuteState_Unsuspend,326,Method
PackMLBaseObjectType_BaseStateMachine_MachineState_ExecuteState_Unsuspending,327,Object
PackMLBaseObjectType_BaseStateMachine_MachineState_ExecuteState_Unsuspending_StateNumber,328,Variable
PackMLBaseObjectType_BaseStateMachine_MachineState_ExecuteState_UnsuspendingToExecute,329,Object
PackMLBaseObjectType_BaseStateMachine_MachineState_ExecuteState_UnsuspendingToExecute_TransitionNumber,330,Variable
PackMLBaseObjectType_BaseStateMachine_MachineState_ExecuteState_UnsuspendingToHolding,331,Object
PackMLBaseObjectType_BaseStateMachine_MachineState_ExecuteState_UnsuspendingToHolding_TransitionNumber,332,Variable
PackMLBaseObjectType_BaseStateMachine_MachineState_Reset,333,Method
PackMLBaseObjectType_BaseStateMachine_MachineState_Running,334,Object
PackMLBaseObjectType_BaseStateMachine_MachineState_Running_StateNumber,335,Variable
PackMLBaseObjectType_BaseStateMachine_MachineState_RunningToStopping,336,Object
PackMLBaseObjectType_BaseStateMachine_MachineState_RunningToStopping_TransitionNumber,337,Variable
PackMLBaseObjectType_BaseStateMachine_MachineState_Stop,338,Method
PackMLBaseObjectType_BaseStateMachine_MachineState_Stopped,339,Object
PackMLBaseObjectType_BaseStateMachine_MachineState_Stopped_StateNumber,340,Variable
PackMLBaseObjectType_BaseStateMachine_MachineState_StoppedToRunning,341,Object
PackMLExecuteStateMachineType_Start_InputArguments,342,Unspecified
PackMLBaseObjectType_BaseStateMachine_MachineState_StoppedToRunning_TransitionNumber,343,Variable
PackMLBaseObjectType_BaseStateMachine_MachineState_Stopping,344,Object
PackMLBaseObjectType_BaseStateMachine_MachineState_Stopping_StateNumber,345,Variable
PackMLBaseObjectType_BaseStateMachine_MachineState_StoppingToStopped,346,Object
PackMLBaseObjectType_BaseStateMachine_MachineState_StoppingToStopped_TransitionNumber,347,Variable
PackMLBaseObjectType_SetMachSpeed_InputArguments,348,Unspecified
PackMLBaseObjectType_SetProduct_InputArguments,349,Unspecified
PackMLBaseObjectType_RemoteCommand_InputArguments,350,Unspecified
PackMLBaseObjectType_SetInterlock_InputArguments,351,Unspecified
PackMLBaseObjectType_SetParameter_InputArguments,352,Unspecified
PackMLBaseObjectType_Status_CurMachSpeed_Id,353,Variable
http://opcfoundation.org/UA/PackML/_IsNamespaceSubset,354,Unspecified
http://opcfoundation.org/UA/PackML/_NamespacePublicationDate,355,Unspecified
http://opcfoundation.org/UA/PackML/_NamespaceUri,356,Unspecified
http://opcfoundation.org/UA/PackML/_NamespaceVersion,357,Unspecified
http://opcfoundation.org/UA/PackML/_StaticNodeIdTypes,358,Unspecified
http://opcfoundation.org/UA/PackML/_StaticNumericNodeIdRange,359,Unspecified
http://opcfoundation.org/UA/PackML/_StaticStringNodeIdPattern,360,Unspecified
PackMLExecuteStateMachineType_Reset,361,Method
PackMLBaseObjectType_SetUnitMode,362,Method
PackMLBaseStateMachineType_Clear,363,Method
PackMLBaseStateMachineType_Abort,364,Method
PackMLExecuteStateMachineType_ToComplete,365,Method
PackMLExecuteStateMachineType_Hold,366,Method
PackMLExecuteStateMachineType_Suspend,367,Method
PackMLExecuteStateMachineType_Unhold,368,Method
PackMLExecuteStateMachineType_Start,369,Method
PackMLBaseObjectType_Status_CurMachSpeed_Name,370,Variable
PackMLBaseObjectType_Status_CurMachSpeed_Number,371,Variable
PackMLExecuteStateMachineType_Unsuspend,372,Method
PackMLBaseObjectType_Status_CurMachSpeed_TransitionTime,373,Variable
PackMLBaseObjectType_Status_CurMachSpeed_EffectiveTransitionTime,374,Variable
PackMLMachineStateMachineType_Stop,375,Method
PackMLMachineStateMachineType_Reset,376,Method
PackMLBaseObjectType_Status_MachSpeed_Id,377,Variable
PackMLBaseObjectType_Status_MachSpeed_Name,378,Variable
PackMLBaseObjectType_Status_MachSpeed_Number,379,Variable
PackMLBaseObjectType_Status_MachSpeed_TransitionTime,380,Variable
PackMLBaseObjectType_Status_MachSpeed_EffectiveTransitionTime,381,Variable
PackMLBaseObjectType_Status_MaterialInterlock,382,Variable
PackMLBaseObjectType_Status_MaterialInterlocked,383,Variable
PackMLBaseObjectType_Status_Parameter,384,Variable
PackMLBaseObjectType_Status_Product,385,Variable
PackMLBaseObjectType_Status_RemoteParameter,386,Variable
PackMLBaseObjectType_Status_StateChangeInProcess,387,Variable
PackMLBaseObjectType_Status_StateRequested,388,Variable
PackMLBaseObjectType_Status_UnitModeChangeInProcess,389,Variable
PackMLBaseObjectType_Status_UnitModeRequested,390,Variable
PackMLStatusObjectType_CurMachSpeed_Id,391,Variable
PackMLStatusObjectType_CurMachSpeed_Name,392,Variable
PackMLStatusObjectType_CurMachSpeed_Number,393,Variable
PackMLStatusObjectType_CurMachSpeed_TransitionTime,394,Variable
PackMLStatusObjectType_CurMachSpeed_EffectiveTransitionTime,395,Variable
PackMLStatusObjectType_MachSpeed_Id,396,Variable
PackMLStatusObjectType_MachSpeed_Name,397,Variable
PackMLStatusObjectType_MachSpeed_Number,398,Variable
PackMLStatusObjectType_MachSpeed_TransitionTime,399,Variable
PackMLBaseObjectType_SetMachSpeed,400,Method
PackMLBaseObjectType_SetProduct,401,Method
PackMLBaseObjectType_SetParameter,402,Method
PackMLBaseObjectType_RemoteCommand,403,Method
PackMLBaseObjectType_SetInterlock,404,Method
PackMLStatusObjectType_MachSpeed_EffectiveTransitionTime,405,Variable
PackMLBaseStateMachineType_MachineState_CurrentState_Name,406,Variable
PackMLBaseStateMachineType_MachineState_CurrentState_Number,407,Variable
PackMLBaseStateMachineType_MachineState_CurrentState_EffectiveDisplayName,408,Variable
PackMLBaseStateMachineType_MachineState_LastTransition,409,Variable
PackMLBaseStateMachineType_MachineState_LastTransition_Id,410,Variable
PackMLBaseStateMachineType_MachineState_LastTransition_Name,411,Variable
PackMLBaseStateMachineType_MachineState_LastTransition_Number,412,Variable
PackMLBaseStateMachineType_MachineState_LastTransition_TransitionTime,413,Variable
PackMLBaseStateMachineType_MachineState_LastTransition_EffectiveTransitionTime,414,Variable
PackMLBaseStateMachineType_MachineState_Clearing,415,Object
PackMLBaseStateMachineType_MachineState_Clearing_StateNumber,416,Variable
PackMLBaseStateMachineType_MachineState_ClearingToStopped,417,Object
PackMLBaseStateMachineType_MachineState_ClearingToStopped_TransitionNumber,418,Variable
PackMLBaseStateMachineType_MachineState_ExecuteState,419,Object
PackMLBaseStateMachineType_MachineState_ExecuteState_CurrentState,420,Variable
PackMLBaseStateMachineType_MachineState_ExecuteState_CurrentState_Id,421,Variable
PackMLBaseStateMachineType_MachineState_ExecuteState_CurrentState_Name,422,Variable
PackMLBaseStateMachineType_MachineState_ExecuteState_CurrentState_Number,423,Variable
PackMLBaseStateMachineType_MachineState_ExecuteState_CurrentState_EffectiveDisplayName,424,Variable
PackMLBaseStateMachineType_MachineState_ExecuteState_LastTransition,425,Variable
PackMLBaseStateMachineType_MachineState_ExecuteState_LastTransition_Id,426,Variable
PackMLBaseStateMachineType_MachineState_ExecuteState_LastTransition_Name,427,Variable
PackMLBaseStateMachineType_MachineState_ExecuteState_LastTransition_Number,428,Variable
PackMLBaseStateMachineType_MachineState_ExecuteState_LastTransition_TransitionTime,429,Variable
PackMLBaseStateMachineType_MachineState_ExecuteState_LastTransition_EffectiveTransitionTime,430,Variable
PackMLBaseStateMachineType_MachineState_ExecuteState_AvailableStates,431,Variable
PackMLBaseStateMachineType_MachineState_ExecuteState_AvailableTransitions,432,Variable
PackMLBaseStateMachineType_MachineState_ExecuteState_Complete,433,Object
PackMLBaseStateMachineType_MachineState_ExecuteState_Complete_StateNumber,434,Variable
PackMLBaseStateMachineType_MachineState_ExecuteState_CompleteToResetting,435,Object
PackMLBaseStateMachineType_MachineState_ExecuteState_CompleteToResetting_TransitionNumber,436,Variable
PackMLBaseStateMachineType_MachineState_ExecuteState_Completing,437,Object
PackMLBaseStateMachineType_MachineState_ExecuteState_Completing_StateNumber,438,Variable
PackMLBaseStateMachineType_MachineState_ExecuteState_CompletingToComplete,439,Object
PackMLBaseStateMachineType_MachineState_ExecuteState_CompletingToComplete_TransitionNumber,440,Variable
PackMLBaseStateMachineType_MachineState_ExecuteState_Execute,441,Object
PackMLBaseStateMachineType_MachineState_ExecuteState_Execute_StateNumber,442,Variable
PackMLBaseStateMachineType_MachineState_ExecuteState_ExecuteToCompleting,443,Object
PackMLBaseStateMachineType_MachineState_ExecuteState_ExecuteToCompleting_TransitionNumber,444,Variable
PackMLBaseStateMachineType_MachineState_ExecuteState_ExecuteToHolding,445,Object
PackMLBaseStateMachineType_MachineState_ExecuteState_ExecuteToHolding_TransitionNumber,446,Variable
PackMLBaseStateMachineType_MachineState_ExecuteState_ExecuteToSuspending,447,Object
PackMLBaseStateMachineType_MachineState_ExecuteState_ExecuteToSuspending_TransitionNumber,448,Variable
PackMLBaseStateMachineType_MachineState_ExecuteState_Held,449,Object
PackMLBaseStateMachineType_MachineState_ExecuteState_Held_StateNumber,450,Variable
PackMLBaseStateMachineType_MachineState_ExecuteState_HeldToUnholding,451,Object
PackMLBaseStateMachineType_MachineState_ExecuteState_HeldToUnholding_TransitionNumber,452,Variable
PackMLBaseStateMachineType_MachineState_ExecuteState_Hold,453,Method
PackMLBaseStateMachineType_MachineState_ExecuteState_Holding,454,Object
PackMLBaseStateMachineType_MachineState_ExecuteState_Holding_StateNumber,455,Variable
PackMLBaseStateMachineType_MachineState_ExecuteState_HoldingToHeld,456,Object
PackMLBaseStateMachineType_MachineState_ExecuteState_HoldingToHeld_TransitionNumber,457,Variable
PackMLBaseStateMachineType_MachineState_ExecuteState_Idle,458,Object
PackMLBaseStateMachineType_MachineState_ExecuteState_Idle_StateNumber,459,Variable
PackMLBaseStateMachineType_MachineState_ExecuteState_IdleToStarting,460,Object
PackMLBaseStateMachineType_MachineState_ExecuteState_IdleToStarting_TransitionNumber,461,Variable
PackMLBaseStateMachineType_MachineState_ExecuteState_Reset,462,Method
PackMLBaseStateMachineType_MachineState_ExecuteState_Resetting,463,Object
PackMLBaseStateMachineType_MachineState_ExecuteState_Resetting_StateNumber,464,Variable
PackMLBaseStateMachineType_MachineState_ExecuteState_ResettingToIdle,465,Object
PackMLBaseStateMachineType_MachineState_ExecuteState_ResettingToIdle_TransitionNumber,466,Variable
PackMLBaseStateMachineType_MachineState_ExecuteState_Start,467,Method
PackMLBaseStateMachineType_MachineState_ExecuteState_Starting,468,Object
PackMLBaseStateMachineType_MachineState_ExecuteState_Starting_StateNumber,469,Variable
PackMLBaseStateMachineType_MachineState_ExecuteState_StartingToExecute,470,Object
PackMLBaseStateMachineType_MachineState_ExecuteState_StartingToExecute_TransitionNumber,471,Variable
PackMLBaseStateMachineType_MachineState_ExecuteState_StartingToHolding,472,Object
PackMLBaseStateMachineType_MachineState_ExecuteState_StartingToHolding_TransitionNumber,473,Variable
PackMLBaseStateMachineType_MachineState_ExecuteState_Suspend,474,Method
PackMLBaseStateMachineType_MachineState_ExecuteState_Suspended,475,Object
PackMLBaseStateMachineType_MachineState_ExecuteState_Suspended_StateNumber,476,Variable
PackMLBaseStateMachineType_MachineState_ExecuteState_SuspendedToHolding,477,Object
PackMLBaseStateMachineType_MachineState_ExecuteState_SuspendedToHolding_TransitionNumber,478,Variable
PackMLBaseStateMachineType_MachineState_ExecuteState_SuspendedToUnsuspending,479,Object
PackMLBaseStateMachineType_MachineState_ExecuteState_SuspendedToUnsuspending_TransitionNumber,480,Variable
PackMLBaseStateMachineType_MachineState_ExecuteState_Suspending,481,Object
PackMLBaseStateMachineType_MachineState_ExecuteState_Suspending_StateNumber,482,Variable
PackMLBaseStateMachineType_MachineState_ExecuteState_SuspendingToHolding,483,Object
PackMLBaseStateMachineType_MachineState_ExecuteState_SuspendingToHolding_TransitionNumber,484,Variable
PackMLBaseStateMachineType_MachineState_ExecuteState_SuspendingToSuspended,485,Object
PackMLBaseStateMachineType_MachineState_ExecuteState_SuspendingToSuspended_TransitionNumber,486,Variable
PackMLBaseStateMachineType_MachineState_ExecuteState_ToComplete,487,Method
PackMLBaseStateMachineType_MachineState_ExecuteState_Unhold,488,Method
PackMLBaseStateMachineType_MachineState_ExecuteState_Unholding,489,Object
PackMLBaseStateMachineType_MachineState_ExecuteState_Unholding_StateNumber,490,Variable
PackMLBaseStateMachineType_MachineState_ExecuteState_UnholdingToExecute,491,Object
PackMLBaseStateMachineType_MachineState_ExecuteState_UnholdingToExecute_TransitionNumber,492,Variable
PackMLBaseStateMachineType_MachineState_ExecuteState_UnholdingToHolding,493,Object
PackMLBaseStateMachineType_MachineState_ExecuteState_UnholdingToHolding_TransitionNumber,494,Variable
PackMLBaseStateMachineType_MachineState_ExecuteState_Unsuspend,495,Method
PackMLBaseStateMachineType_MachineState_ExecuteState_Unsuspending,496,Object
PackMLBaseStateMachineType_MachineState_ExecuteState_Unsuspending_StateNumber,497,Variable
PackMLBaseStateMachineType_MachineState_ExecuteState_UnsuspendingToExecute,498,Object
PackMLBaseStateMachineType_MachineState_ExecuteState_UnsuspendingToExecute_TransitionNumber,499,Variable
PackMLBaseStateMachineType_MachineState_ExecuteState_UnsuspendingToHolding,500,Object
PackMLBaseStateMachineType_MachineState_ExecuteState_UnsuspendingToHolding_TransitionNumber,501,Variable
PackMLBaseStateMachineType_MachineState_Reset,502,Method
PackMLBaseStateMachineType_MachineState_Running,503,Object
PackMLBaseStateMachineType_MachineState_Running_StateNumber,504,Variable
PackMLBaseStateMachineType_MachineState_RunningToStopping,505,Object
PackMLBaseStateMachineType_MachineState_RunningToStopping_TransitionNumber,506,Variable
PackMLBaseStateMachineType_MachineState_Stop,507,Method
PackMLBaseStateMachineType_MachineState_Stopped,508,Object
PackMLBaseStateMachineType_MachineState_Stopped_StateNumber,509,Variable
PackMLBaseStateMachineType_MachineState_StoppedToRunning,510,Object
PackMLBaseStateMachineType_MachineState_StoppedToRunning_TransitionNumber,511,Variable
PackMLBaseStateMachineType_MachineState_Stopping,512,Object
PackMLBaseStateMachineType_MachineState_Stopping_StateNumber,513,Variable
PackMLBaseStateMachineType_MachineState_StoppingToStopped,514,Object
PackMLBaseStateMachineType_MachineState_StoppingToStopped_TransitionNumber,515,Variable
PackMLMachineStateMachineType_ExecuteState_CurrentState_Name,516,Variable
PackMLMachineStateMachineType_ExecuteState_CurrentState_Number,517,Variable
PackMLMachineStateMachineType_ExecuteState_CurrentState_EffectiveDisplayName,518,Variable
PackMLMachineStateMachineType_ExecuteState_LastTransition,519,Variable
PackMLMachineStateMachineType_ExecuteState_LastTransition_Id,520,Variable
PackMLMachineStateMachineType_ExecuteState_LastTransition_Name,521,Variable
PackMLMachineStateMachineType_ExecuteState_LastTransition_Number,522,Variable
PackMLMachineStateMachineType_ExecuteState_LastTransition_TransitionTime,523,Variable
PackMLMachineStateMachineType_ExecuteState_LastTransition_EffectiveTransitionTime,524,Variable
PackMLMachineStateMachineType_ExecuteState_Complete,525,Object
PackMLMachineStateMachineType_ExecuteState_Complete_StateNumber,526,Variable
PackMLMachineStateMachineType_ExecuteState_CompleteToResetting,527,Object
PackMLMachineStateMachineType_ExecuteState_CompleteToResetting_TransitionNumber,528,Variable
PackMLMachineStateMachineType_ExecuteState_Completing,529,Object
PackMLMachineStateMachineType_ExecuteState_Completing_StateNumber,530,Variable
PackMLMachineStateMachineType_ExecuteState_CompletingToComplete,531,Object
PackMLMachineStateMachineType_ExecuteState_CompletingToComplete_TransitionNumber,532,Variable
PackMLMachineStateMachineType_ExecuteState_Execute,533,Object
PackMLMachineStateMachineType_ExecuteState_Execute_StateNumber,534,Variable
PackMLMachineStateMachineType_ExecuteState_ExecuteToCompleting,535,Object
PackMLMachineStateMachineType_ExecuteState_ExecuteToCompleting_TransitionNumber,536,Variable
PackMLMachineStateMachineType_ExecuteState_ExecuteToHolding,537,Object
PackMLMachineStateMachineType_ExecuteState_ExecuteToHolding_TransitionNumber,538,Variable
PackMLMachineStateMachineType_ExecuteState_ExecuteToSuspending,539,Object
PackMLMachineStateMachineType_ExecuteState_ExecuteToSuspending_TransitionNumber,540,Variable
PackMLMachineStateMachineType_ExecuteState_Held,541,Object
PackMLMachineStateMachineType_ExecuteState_Held_StateNumber,542,Variable
PackMLMachineStateMachineType_ExecuteState_HeldToUnholding,543,Object
PackMLMachineStateMachineType_ExecuteState_HeldToUnholding_TransitionNumber,544,Variable
PackMLMachineStateMachineType_ExecuteState_Hold,545,Method
PackMLMachineStateMachineType_ExecuteState_Holding,546,Object
PackMLMachineStateMachineType_ExecuteState_Holding_StateNumber,547,Variable
PackMLMachineStateMachineType_ExecuteState_HoldingToHeld,548,Object
PackMLMachineStateMachineType_ExecuteState_HoldingToHeld_TransitionNumber,549,Variable
PackMLMachineStateMachineType_ExecuteState_Idle,550,Object
PackMLMachineStateMachineType_ExecuteState_Idle_StateNumber,551,Variable
PackMLMachineStateMachineType_ExecuteState_IdleToStarting,552,Object
PackMLMachineStateMachineType_ExecuteState_IdleToStarting_TransitionNumber,553,Variable
PackMLMachineStateMachineType_ExecuteState_Reset,554,Method
PackMLMachineStateMachineType_ExecuteState_Resetting,555,Object
PackMLMachineStateMachineType_ExecuteState_Resetting_StateNumber,556,Variable
PackMLMachineStateMachineType_ExecuteState_ResettingToIdle,557,Object
PackMLMachineStateMachineType_ExecuteState_ResettingToIdle_TransitionNumber,558,Variable
PackMLMachineStateMachineType_ExecuteState_Start,559,Method
PackMLMachineStateMachineType_ExecuteState_Starting,560,Object
PackMLMachineStateMachineType_ExecuteState_Starting_StateNumber,561,Variable
PackMLMachineStateMachineType_ExecuteState_StartingToExecute,562,Object
PackMLMachineStateMachineType_ExecuteState_StartingToExecute_TransitionNumber,563,Variable
PackMLMachineStateMachineType_ExecuteState_StartingToHolding,564,Object
PackMLMachineStateMachineType_ExecuteState_StartingToHolding_TransitionNumber,565,Variable
PackMLMachineStateMachineType_ExecuteState_Suspend,566,Method
PackMLMachineStateMachineType_ExecuteState_Suspended,567,Object
PackMLMachineStateMachineType_ExecuteState_Suspended_StateNumber,568,Variable
PackMLMachineStateMachineType_ExecuteState_SuspendedToHolding,569,Object
PackMLMachineStateMachineType_ExecuteState_SuspendedToHolding_TransitionNumber,570,Variable
PackMLMachineStateMachineType_ExecuteState_SuspendedToUnsuspending,571,Object
PackMLMachineStateMachineType_ExecuteState_SuspendedToUnsuspending_TransitionNumber,572,Variable
PackMLMachineStateMachineType_ExecuteState_Suspending,573,Object
PackMLMachineStateMachineType_ExecuteState_Suspending_StateNumber,574,Variable
PackMLMachineStateMachineType_ExecuteState_SuspendingToHolding,575,Object
PackMLMachineStateMachineType_ExecuteState_SuspendingToHolding_TransitionNumber,576,Variable
PackMLMachineStateMachineType_ExecuteState_SuspendingToSuspended,577,Object
PackMLMachineStateMachineType_ExecuteState_SuspendingToSuspended_TransitionNumber,578,Variable
PackMLMachineStateMachineType_ExecuteState_ToComplete,579,Method
PackMLMachineStateMachineType_ExecuteState_Unhold,580,Method
PackMLMachineStateMachineType_ExecuteState_Unholding,581,Object
PackMLMachineStateMachineType_ExecuteState_Unholding_StateNumber,582,Variable
PackMLMachineStateMachineType_ExecuteState_UnholdingToExecute,583,Object
PackMLMachineStateMachineType_ExecuteState_UnholdingToExecute_TransitionNumber,584,Variable
PackMLMachineStateMachineType_ExecuteState_UnholdingToHolding,585,Object
PackMLMachineStateMachineType_ExecuteState_UnholdingToHolding_TransitionNumber,586,Variable
PackMLMachineStateMachineType_ExecuteState_Unsuspend,587,Method
PackMLMachineStateMachineType_ExecuteState_Unsuspending,588,Object
PackMLMachineStateMachineType_ExecuteState_Unsuspending_StateNumber,589,Variable
PackMLMachineStateMachineType_ExecuteState_UnsuspendingToExecute,590,Object
PackMLMachineStateMachineType_ExecuteState_UnsuspendingToExecute_TransitionNumber,591,Variable
PackMLMachineStateMachineType_ExecuteState_UnsuspendingToHolding,592,Object
PackMLMachineStateMachineType_ExecuteState_UnsuspendingToHolding_TransitionNumber,593,Variable
PackMLAlarmDataType_Encoding_DefaultBinary,594,Object
PackMLCountDataType_Encoding_DefaultBinary,595,Object
PackMLDescriptorDataType_Encoding_DefaultBinary,596,Object
PackMLIngredientsDataType_Encoding_DefaultBinary,597,Object
PackMLProductDataType_Encoding_DefaultBinary,598,Object
PackMLRemoteInterfaceDataType_Encoding_DefaultBinary,599,Object
PackML_BinarySchema,600,Variable
PackML_BinarySchema_DataTypeVersion,601,Variable
PackML_BinarySchema_NamespaceUri,602,Variable
PackML_BinarySchema_Deprecated,603,Variable
PackML_BinarySchema_PackMLAlarmDataType,604,Variable
PackML_BinarySchema_PackMLAlarmDataType_DataTypeVersion,605,Variable
PackML_BinarySchema_PackMLAlarmDataType_DictionaryFragment,606,Variable
PackML_BinarySchema_PackMLCountDataType,607,Variable
PackML_BinarySchema_PackMLCountDataType_DataTypeVersion,608,Variable
PackML_BinarySchema_PackMLCountDataType_DictionaryFragment,609,Variable
PackML_BinarySchema_PackMLDescriptorDataType,610,Variable
PackML_BinarySchema_PackMLDescriptorDataType_DataTypeVersion,611,Variable
PackML_BinarySchema_PackMLDescriptorDataType_DictionaryFragment,612,Variable
PackML_BinarySchema_PackMLIngredientsDataType,613,Variable
PackML_BinarySchema_PackMLIngredientsDataType_DataTypeVersion,614,Variable
PackML_BinarySchema_PackMLIngredientsDataType_DictionaryFragment,615,Variable
PackML_BinarySchema_PackMLProductDataType,616,Variable
PackML_BinarySchema_PackMLProductDataType_DataTypeVersion,617,Variable
PackML_BinarySchema_PackMLProductDataType_DictionaryFragment,618,Variable
PackML_BinarySchema_PackMLRemoteInterfaceDataType,619,Variable
PackML_BinarySchema_PackMLRemoteInterfaceDataType_DataTypeVersion,620,Variable
PackML_BinarySchema_PackMLRemoteInterfaceDataType_DictionaryFragment,621,Variable
PackMLAlarmDataType_Encoding_DefaultXml,622,Object
PackMLCountDataType_Encoding_DefaultXml,623,Object
PackMLDescriptorDataType_Encoding_DefaultXml,624,Object
PackMLIngredientsDataType_Encoding_DefaultXml,625,Object
PackMLProductDataType_Encoding_DefaultXml,626,Object
PackMLRemoteInterfaceDataType_Encoding_DefaultXml,627,Object
PackML_XmlSchema,628,Variable
PackML_XmlSchema_DataTypeVersion,629,Variable
PackML_XmlSchema_NamespaceUri,630,Variable
PackML_XmlSchema_Deprecated,631,Variable
PackML_XmlSchema_PackMLAlarmDataType,632,Variable
PackML_XmlSchema_PackMLAlarmDataType_DataTypeVersion,633,Variable
PackML_XmlSchema_PackMLAlarmDataType_DictionaryFragment,634,Variable
PackML_XmlSchema_PackMLCountDataType,635,Variable
PackML_XmlSchema_PackMLCountDataType_DataTypeVersion,636,Variable
PackML_XmlSchema_PackMLCountDataType_DictionaryFragment,637,Variable
PackML_XmlSchema_PackMLDescriptorDataType,638,Variable
PackML_XmlSchema_PackMLDescriptorDataType_DataTypeVersion,639,Variable
PackML_XmlSchema_PackMLDescriptorDataType_DictionaryFragment,640,Variable
PackML_XmlSchema_PackMLIngredientsDataType,641,Variable
PackML_XmlSchema_PackMLIngredientsDataType_DataTypeVersion,642,Variable
PackML_XmlSchema_PackMLIngredientsDataType_DictionaryFragment,643,Variable
PackML_XmlSchema_PackMLProductDataType,644,Variable
PackML_XmlSchema_PackMLProductDataType_DataTypeVersion,645,Variable
PackML_XmlSchema_PackMLProductDataType_DictionaryFragment,646,Variable
PackML_XmlSchema_PackMLRemoteInterfaceDataType,647,Variable
PackML_XmlSchema_PackMLRemoteInterfaceDataType_DataTypeVersion,648,Variable
PackML_XmlSchema_PackMLRemoteInterfaceDataType_DictionaryFragment,649,Variable
PackMLAlarmDataType_Encoding_DefaultJson,650,Object
PackMLCountDataType_Encoding_DefaultJson,651,Object
PackMLDescriptorDataType_Encoding_DefaultJson,652,Object
PackMLIngredientsDataType_Encoding_DefaultJson,653,Object
PackMLProductDataType_Encoding_DefaultJson,654,Object
PackMLRemoteInterfaceDataType_Encoding_DefaultJson,655,Object
